[
  {
    "id": "place_ADY_001",
    "name": "Nemrut Dağı Milli Parkı",
    "category": [
      "Tarihi",
      "Doğal"
    ],
    "coordinates": {
      "lat": 37.98,
      "lng": 38.74
    },
    "city": "Adıyaman",
    "district": "Kahta",
    "average_stay_minutes": 180,
    "average_spend": {
      "amount": 80,
      "currency": "TRY"
    },
    "best_visit_times": {
      "season": [
        "İlkbahar",
        "Yaz",
        "Sonbahar"
      ],
      "days": [
        "Cumartesi",
        "Pazar"
      ],
      "hours": [
        "05:00-20:00"
      ]
    },
    "tags": [
      "nemrut dağı",
      "kommagene krallığı",
      "heykeller",
      "güneş doğumu"
    ],
    "popularity_score": 99,
    "virality_trend": "yükselişte",
    "average_rating": 4.9,
    "review_count": 12500,
    "sources": [
      "Tripadvisor"
    ],
    "photos": []
  },
  {
    "id": "place_ADY_002",
    "name": "Cendere Köprüsü",
    "category": [
      "Tarihi",
      "Köprü"
    ],
    "coordinates": {
      "lat": 37.927,
      "lng": 38.617
    },
    "city": "Adıyaman",
    "district": "Kahta",
    "average_stay_minutes": 60,
    "average_spend": {
      "amount": 10,
      "currency": "TRY"
    },
    "best_visit_times": {
      "season": [
        "İlkbahar",
        "Yaz",
        "Sonbahar"
      ],
      "days": [
        "Cumartesi",
        "Pazar"
      ],
      "hours": [
        "09:00-18:00"
      ]
    },
    "tags": [
      "roma köprüsü",
      "kommagene",
      "antik mimari"
    ],
    "popularity_score": 94,
    "virality_trend": "stabil",
    "average_rating": 4.8,
    "review_count": 5800,
    "sources": [
      "Tripadvisor"
    ],
    "photos": []
  },
  {
    "id": "place_ADY_003",
    "name": "Karakuş Tümülüsü",
    "category": [
      "Tarihi",
      "Anıt"
    ],
    "coordinates": {
      "lat": 37.929,
      "lng": 38.624
    },
    "city": "Adıyaman",
    "district": "Kahta",
    "average_stay_minutes": 45,
    "average_spend": {
      "amount": 0,
      "currency": "TRY"
    },
    "best_visit_times": {
      "season": [
        "İlkbahar",
        "Yaz"
      ],
      "days": [
        "Hafta içi"
      ],
      "hours": [
        "09:00-18:00"
      ]
    },
    "tags": [
      "tümülüs",
      "kommagene kraliçesi",
      "antik mezar"
    ],
    "popularity_score": 89,
    "virality_trend": "stabil",
    "average_rating": 4.6,
    "review_count": 2400,
    "sources": [
      "Tripadvisor"
    ],
    "photos": []
  },
  {
    "id": "place_ADY_004",
    "name": "Arsameia Ören Yeri",
    "category": [
      "Tarihi",
      "Antik Kent"
    ],
    "coordinates": {
      "lat": 37.925,
      "lng": 38.639
    },
    "city": "Adıyaman",
    "district": "Kahta",
    "average_stay_minutes": 75,
    "average_spend": {
      "amount": 20,
      "currency": "TRY"
    },
    "best_visit_times": {
      "season": [
        "İlkbahar",
        "Sonbahar"
      ],
      "days": [
        "Cumartesi"
      ],
      "hours": [
        "09:00-18:00"
      ]
    },
    "tags": [
      "kommagene",
      "antik kent",
      "ören yeri"
    ],
    "popularity_score": 87,
    "virality_trend": "stabil",
    "average_rating": 4.5,
    "review_count": 1800,
    "sources": [
      "Tripadvisor"
    ],
    "photos": []
  },
  {
    "id": "place_ADY_005",
    "name": "Adıyaman Müzesi",
    "category": [
      "Müze",
      "Tarih"
    ],
    "coordinates": {
      "lat": 37.759,
      "lng": 38.278
    },
    "city": "Adıyaman",
    "district": "Merkez",
    "average_stay_minutes": 90,
    "average_spend": {
      "amount": 20,
      "currency": "TRY"
    },
    "best_visit_times": {
      "season": [
        "Tüm yıl"
      ],
      "days": [
        "Salı",
        "Perşembe"
      ],
      "hours": [
        "10:00-17:00"
      ]
    },
    "tags": [
      "arkeoloji müzesi",
      "hitit eserleri",
      "kommagene buluntuları"
    ],
    "popularity_score": 85,
    "virality_trend": "stabil",
    "average_rating": 4.5,
    "review_count": 1200,
    "sources": [
      "Tripadvisor"
    ],
    "photos": []
  },
  {
    "id": "place_ADY_006",
    "name": "Perre Antik Kenti",
    "category": [
      "Tarihi",
      "Antik Kent"
    ],
    "coordinates": {
      "lat": 37.785,
      "lng": 38.297
    },
    "city": "Adıyaman",
    "district": "Merkez",
    "average_stay_minutes": 120,
    "average_spend": {
      "amount": 30,
      "currency": "TRY"
    },
    "best_visit_times": {
      "season": [
        "İlkbahar",
        "Yaz",
        "Sonbahar"
      ],
      "days": [
        "Cumartesi",
        "Pazar"
      ],
      "hours": [
        "09:00-18:00"
      ]
    },
    "tags": [
      "antik kent",
      "roma dönemi",
      "perre kaya mezarları"
    ],
    "popularity_score": 91,
    "virality_trend": "yükselişte",
    "average_rating": 4.7,
    "review_count": 3200,
    "sources": [
      "Tripadvisor"
    ],
    "photos": []
  },
  {
    "id": "place_ADY_007",
    "name": "Yeni Kale",
    "category": [
      "Tarihi",
      "Kale"
    ],
    "coordinates": {
      "lat": 37.93,
      "lng": 38.63
    },
    "city": "Adıyaman",
    "district": "Kahta",
    "average_stay_minutes": 60,
    "average_spend": {
      "amount": 10,
      "currency": "TRY"
    },
    "best_visit_times": {
      "season": [
        "İlkbahar",
        "Sonbahar"
      ],
      "days": [
        "Cumartesi"
      ],
      "hours": [
        "09:00-18:00"
      ]
    },
    "tags": [
      "ortaçağ kalesi",
      "kommagene",
      "kahta"
    ],
    "popularity_score": 83,
    "virality_trend": "stabil",
    "average_rating": 4.4,
    "review_count": 950,
    "sources": [
      "Tripadvisor"
    ],
    "photos": []
  },
  {
    "id": "place_ADY_008",
    "name": "Kahta Kalesi",
    "category": [
      "Tarihi",
      "Kale"
    ],
    "coordinates": {
      "lat": 37.9275,
      "lng": 38.619
    },
    "city": "Adıyaman",
    "district": "Kahta",
    "average_stay_minutes": 60,
    "average_spend": {
      "amount": 10,
      "currency": "TRY"
    },
    "best_visit_times": {
      "season": [
        "İlkbahar",
        "Sonbahar"
      ],
      "days": [
        "Cumartesi"
      ],
      "hours": [
        "09:00-18:00"
      ]
    },
    "tags": [
      "kahta kalesi",
      "tarihî kale",
      "roma dönemi"
    ],
    "popularity_score": 82,
    "virality_trend": "stabil",
    "average_rating": 4.3,
    "review_count": 870,
    "sources": [
      "Tripadvisor"
    ],
    "photos": []
  },
  {
    "id": "place_ADY_009",
    "name": "Gerger Kalesi",
    "category": [
      "Tarihi",
      "Kale"
    ],
    "coordinates": {
      "lat": 37.979,
      "lng": 39.03
    },
    "city": "Adıyaman",
    "district": "Gerger",
    "average_stay_minutes": 90,
    "average_spend": {
      "amount": 15,
      "currency": "TRY"
    },
    "best_visit_times": {
      "season": [
        "İlkbahar",
        "Sonbahar"
      ],
      "days": [
        "Cumartesi"
      ],
      "hours": [
        "09:00-18:00"
      ]
    },
    "tags": [
      "gerger kalesi",
      "fırat nehri manzarası",
      "tarihî kale"
    ],
    "popularity_score": 84,
    "virality_trend": "stabil",
    "average_rating": 4.4,
    "review_count": 950,
    "sources": [
      "Tripadvisor"
    ],
    "photos": []
  }
]