[
  {
    "id": "place_BAT_001",
    "name": "Hasankeyf Antik Kenti",
    "category": [
      "Tarihi",
      "Açıkhava"
    ],
    "coordinates": {
      "lat": 37.7146,
      "lng": 41.4149
    },
    "city": "Batman",
    "district": "Hasankeyf",
    "average_stay_minutes": 180,
    "average_spend": {
      "amount": 100,
      "currency": "TRY"
    },
    "best_visit_times": {
      "season": [
        "İlkbahar",
        "Sonbahar"
      ],
      "days": [
        "Cumartesi",
        "Pazar"
      ],
      "hours": [
        "09:00-18:00"
      ]
    },
    "tags": [
      "antik kent",
      "tarihî eserler",
      "dicle nehri",
      "fotoğraf noktası"
    ],
    "popularity_score": 98,
    "virality_trend": "yükselişte",
    "average_rating": 4.9,
    "review_count": 8900,
    "sources": [
      "Tripadvisor"
    ],
    "photos": []
  },
  {
    "id": "place_BAT_002",
    "name": "Hasankeyf Kalesi",
    "category": [
      "Tarihi",
      "Kale"
    ],
    "coordinates": {
      "lat": 37.7148,
      "lng": 41.418
    },
    "city": "Batman",
    "district": "Hasankeyf",
    "average_stay_minutes": 120,
    "average_spend": {
      "amount": 50,
      "currency": "TRY"
    },
    "best_visit_times": {
      "season": [
        "İlkbahar",
        "Sonbahar"
      ],
      "days": [
        "Hafta sonu"
      ],
      "hours": [
        "09:00-18:00"
      ]
    },
    "tags": [
      "hasankeyf kalesi",
      "panoramik manzara",
      "tarihî yapı",
      "dicle vadisi"
    ],
    "popularity_score": 95,
    "virality_trend": "yükselişte",
    "average_rating": 4.8,
    "review_count": 5600,
    "sources": [
      "Tripadvisor"
    ],
    "photos": []
  },
  {
    "id": "place_BAT_003",
    "name": "Zeynel Bey Türbesi",
    "category": [
      "Tarihi",
      "Türbe"
    ],
    "coordinates": {
      "lat": 37.7095,
      "lng": 41.4194
    },
    "city": "Batman",
    "district": "Hasankeyf",
    "average_stay_minutes": 45,
    "average_spend": {
      "amount": 0,
      "currency": "TRY"
    },
    "best_visit_times": {
      "season": [
        "İlkbahar",
        "Sonbahar"
      ],
      "days": [
        "Hafta içi"
      ],
      "hours": [
        "09:00-17:00"
      ]
    },
    "tags": [
      "akkoyunlu dönemi",
      "tarihî türbe",
      "hasankeyf simgesi"
    ],
    "popularity_score": 90,
    "virality_trend": "stabil",
    "average_rating": 4.7,
    "review_count": 2400,
    "sources": [
      "Tripadvisor"
    ],
    "photos": []
  },
  {
    "id": "place_BAT_004",
    "name": "El Rızk Camii",
    "category": [
      "Cami",
      "Tarihi"
    ],
    "coordinates": {
      "lat": 37.7139,
      "lng": 41.4199
    },
    "city": "Batman",
    "district": "Hasankeyf",
    "average_stay_minutes": 30,
    "average_spend": {
      "amount": 0,
      "currency": "TRY"
    },
    "best_visit_times": {
      "season": [
        "Tüm yıl"
      ],
      "days": [
        "Hafta içi"
      ],
      "hours": [
        "09:00-17:00"
      ]
    },
    "tags": [
      "dicle nehri kıyısı",
      "tarihî cami",
      "hasankeyf eserleri"
    ],
    "popularity_score": 86,
    "virality_trend": "stabil",
    "average_rating": 4.6,
    "review_count": 1800,
    "sources": [
      "Tripadvisor"
    ],
    "photos": []
  },
  {
    "id": "place_BAT_005",
    "name": "Mor Kiryakus Manastırı",
    "category": [
      "Tarihi",
      "Manastır"
    ],
    "coordinates": {
      "lat": 37.912,
      "lng": 41.414
    },
    "city": "Batman",
    "district": "Hasankeyf",
    "average_stay_minutes": 60,
    "average_spend": {
      "amount": 0,
      "currency": "TRY"
    },
    "best_visit_times": {
      "season": [
        "İlkbahar",
        "Sonbahar"
      ],
      "days": [
        "Hafta içi"
      ],
      "hours": [
        "09:00-17:00"
      ]
    },
    "tags": [
      "süryani manastırı",
      "tarihî yapı",
      "kültürel miras"
    ],
    "popularity_score": 82,
    "virality_trend": "stabil",
    "average_rating": 4.5,
    "review_count": 1200,
    "sources": [
      "Tripadvisor"
    ],
    "photos": []
  },
  {
    "id": "place_BAT_006",
    "name": "İmam Abdullah Türbesi",
    "category": [
      "Dini",
      "Türbe"
    ],
    "coordinates": {
      "lat": 37.7165,
      "lng": 41.4175
    },
    "city": "Batman",
    "district": "Hasankeyf",
    "average_stay_minutes": 40,
    "average_spend": {
      "amount": 0,
      "currency": "TRY"
    },
    "best_visit_times": {
      "season": [
        "Tüm yıl"
      ],
      "days": [
        "Cumartesi",
        "Pazar"
      ],
      "hours": [
        "09:00-18:00"
      ]
    },
    "tags": [
      "türbe ziyareti",
      "dini mekân",
      "hasankeyf"
    ],
    "popularity_score": 80,
    "virality_trend": "stabil",
    "average_rating": 4.4,
    "review_count": 900,
    "sources": [
      "Tripadvisor"
    ],
    "photos": []
  },
  {
    "id": "place_BAT_007",
    "name": "Batman Müzesi",
    "category": [
      "Müze",
      "Tarih"
    ],
    "coordinates": {
      "lat": 37.8916,
      "lng": 41.1276
    },
    "city": "Batman",
    "district": "Merkez",
    "average_stay_minutes": 90,
    "average_spend": {
      "amount": 30,
      "currency": "TRY"
    },
    "best_visit_times": {
      "season": [
        "Tüm yıl"
      ],
      "days": [
        "Salı",
        "Perşembe"
      ],
      "hours": [
        "10:00-17:00"
      ]
    },
    "tags": [
      "arkeoloji müzesi",
      "hasankeyf eserleri",
      "arkeolojik buluntular"
    ],
    "popularity_score": 85,
    "virality_trend": "stabil",
    "average_rating": 4.5,
    "review_count": 2100,
    "sources": [
      "Tripadvisor"
    ],
    "photos": []
  },
  {
    "id": "place_BAT_008",
    "name": "Malabadi Köprüsü",
    "category": [
      "Tarihi",
      "Köprü"
    ],
    "coordinates": {
      "lat": 38.1047,
      "lng": 41.0259
    },
    "city": "Batman",
    "district": "Silvan",
    "average_stay_minutes": 60,
    "average_spend": {
      "amount": 20,
      "currency": "TRY"
    },
    "best_visit_times": {
      "season": [
        "İlkbahar",
        "Yaz",
        "Sonbahar"
      ],
      "days": [
        "Cumartesi",
        "Pazar"
      ],
      "hours": [
        "09:00-18:00"
      ]
    },
    "tags": [
      "selçuklu köprüsü",
      "tarihî mimari",
      "fotoğraf noktası",
      "dicle nehri"
    ],
    "popularity_score": 92,
    "virality_trend": "yükselişte",
    "average_rating": 4.7,
    "review_count": 3900,
    "sources": [
      "Tripadvisor"
    ],
    "photos": []
  },
  {
    "id": "place_BAT_009",
    "name": "Hasankeyf Mağaraları",
    "category": [
      "Tarihi",
      "Doğal"
    ],
    "coordinates": {
      "lat": 37.7141,
      "lng": 41.4167
    },
    "city": "Batman",
    "district": "Hasankeyf",
    "average_stay_minutes": 90,
    "average_spend": {
      "amount": 0,
      "currency": "TRY"
    },
    "best_visit_times": {
      "season": [
        "İlkbahar",
        "Sonbahar"
      ],
      "days": [
        "Hafta içi"
      ],
      "hours": [
        "09:00-18:00"
      ]
    },
    "tags": [
      "mağara yerleşimleri",
      "antik yaşam",
      "hasankeyf kültürü"
    ],
    "popularity_score": 88,
    "virality_trend": "stabil",
    "average_rating": 4.6,
    "review_count": 2500,
    "sources": [
      "Tripadvisor"
    ],
    "photos": []
  },
  {
    "id": "place_BAT_010",
    "name": "Kozluk Kalesi",
    "category": [
      "Tarihi",
      "Kale"
    ],
    "coordinates": {
      "lat": 38.1935,
      "lng": 41.4893
    },
    "city": "Batman",
    "district": "Kozluk",
    "average_stay_minutes": 60,
    "average_spend": {
      "amount": 0,
      "currency": "TRY"
    },
    "best_visit_times": {
      "season": [
        "İlkbahar",
        "Sonbahar"
      ],
      "days": [
        "Hafta içi"
      ],
      "hours": [
        "09:00-18:00"
      ]
    },
    "tags": [
      "kozluk kalesi",
      "ortaçağ",
      "tarihî savunma yapısı"
    ],
    "popularity_score": 78,
    "virality_trend": "stabil",
    "average_rating": 4.3,
    "review_count": 800,
    "sources": [
      "Tripadvisor"
    ],
    "photos": []
  },
  {
    "id": "place_BAT_011",
    "name": "Mor Aho Manastırı",
    "category": [
      "Tarihi",
      "Manastır"
    ],
    "coordinates": {
      "lat": 38.02,
      "lng": 41.13
    },
    "city": "Batman",
    "district": "Sason",
    "average_stay_minutes": 60,
    "average_spend": {
      "amount": 0,
      "currency": "TRY"
    },
    "best_visit_times": {
      "season": [
        "İlkbahar",
        "Sonbahar"
      ],
      "days": [
        "Hafta içi"
      ],
      "hours": [
        "09:00-17:00"
      ]
    },
    "tags": [
      "süryani manastırı",
      "sason tarihi",
      "dini yapı"
    ],
    "popularity_score": 79,
    "virality_trend": "stabil",
    "average_rating": 4.4,
    "review_count": 600,
    "sources": [
      "Tripadvisor"
    ],
    "photos": []
  },
  {
    "id": "place_BAT_012",
    "name": "Raman Dağı",
    "category": [
      "Doğal",
      "Manzara"
    ],
    "coordinates": {
      "lat": 37.873,
      "lng": 41.22
    },
    "city": "Batman",
    "district": "Merkez",
    "average_stay_minutes": 120,
    "average_spend": {
      "amount": 0,
      "currency": "TRY"
    },
    "best_visit_times": {
      "season": [
        "İlkbahar",
        "Yaz",
        "Sonbahar"
      ],
      "days": [
        "Cumartesi",
        "Pazar"
      ],
      "hours": [
        "09:00-18:00"
      ]
    },
    "tags": [
      "raman dağı",
      "petrol bölgesi",
      "doğa yürüyüşü"
    ],
    "popularity_score": 76,
    "virality_trend": "stabil",
    "average_rating": 4.3,
    "review_count": 700,
    "sources": [
      "Tripadvisor"
    ],
    "photos": []
  },
  {
    "id": "place_BAT_013",
    "name": "Sason Dağları",
    "category": [
      "Doğal",
      "Dağ"
    ],
    "coordinates": {
      "lat": 38.33,
      "lng": 41.41
    },
    "city": "Batman",
    "district": "Sason",
    "average_stay_minutes": 150,
    "average_spend": {
      "amount": 0,
      "currency": "TRY"
    },
    "best_visit_times": {
      "season": [
        "Yaz",
        "İlkbahar"
      ],
      "days": [
        "Cumartesi",
        "Pazar"
      ],
      "hours": [
        "09:00-19:00"
      ]
    },
    "tags": [
      "sason dağları",
      "doğa sporu",
      "yürüyüş rotaları"
    ],
    "popularity_score": 75,
    "virality_trend": "stabil",
    "average_rating": 4.2,
    "review_count": 500,
    "sources": [
      "Tripadvisor"
    ],
    "photos": []
  },
  {
    "id": "place_BAT_014",
    "name": "Memikan Köprüsü",
    "category": [
      "Tarihi",
      "Köprü"
    ],
    "coordinates": {
      "lat": 37.78,
      "lng": 41.41
    },
    "city": "Batman",
    "district": "Beşiri",
    "average_stay_minutes": 45,
    "average_spend": {
      "amount": 0,
      "currency": "TRY"
    },
    "best_visit_times": {
      "season": [
        "İlkbahar",
        "Sonbahar"
      ],
      "days": [
        "Hafta içi"
      ],
      "hours": [
        "09:00-18:00"
      ]
    },
    "tags": [
      "memikan köprüsü",
      "tarihî taş köprü",
      "beşiri"
    ],
    "popularity_score": 77,
    "virality_trend": "stabil",
    "average_rating": 4.3,
    "review_count": 400,
    "sources": [
      "Tripadvisor"
    ],
    "photos": []
  }
]