[
  {
    "id": "place_CAN_001",
    "name": "Troya Antik Kenti",
    "category": [
      "Tarihi",
      "Antik Kent"
    ],
    "coordinates": {
      "lat": 39.957,
      "lng": 26.2389
    },
    "city": "Çanakkale",
    "district": "Tevfikiye",
    "average_stay_minutes": 150,
    "average_spend": {
      "amount": 50,
      "currency": "TRY"
    },
    "best_visit_times": {
      "season": [
        "İlkbahar",
        "Yaz",
        "Sonbahar"
      ],
      "days": [
        "Cumartesi",
        "Pazar"
      ],
      "hours": [
        "09:00-18:00"
      ]
    },
    "tags": [
      "troya",
      "antik kent",
      "arkeoloji",
      "unesco"
    ],
    "popularity_score": 99,
    "virality_trend": "yükselişte",
    "average_rating": 4.9,
    "review_count": 12000,
    "sources": [
      "Tripadvisor"
    ],
    "photos": []
  },
  {
    "id": "place_CAN_002",
    "name": "Çanakkale Şehitler Anıtı",
    "category": [
      "Tarihi",
      "Anıt"
    ],
    "coordinates": {
      "lat": 40.0469,
      "lng": 26.2205
    },
    "city": "Çanakkale",
    "district": "Eceabat",
    "average_stay_minutes": 90,
    "average_spend": {
      "amount": 0,
      "currency": "TRY"
    },
    "best_visit_times": {
      "season": [
        "İlkbahar",
        "Sonbahar"
      ],
      "days": [
        "18 Mart",
        "Cumartesi"
      ],
      "hours": [
        "09:00-18:00"
      ]
    },
    "tags": [
      "şehitler anıtı",
      "gallipoli",
      "çanakkale savaşı",
      "anma"
    ],
    "popularity_score": 98,
    "virality_trend": "stabil",
    "average_rating": 4.9,
    "review_count": 15000,
    "sources": [
      "Tripadvisor"
    ],
    "photos": []
  },
  {
    "id": "place_CAN_003",
    "name": "Assos Antik Kenti",
    "category": [
      "Tarihi",
      "Antik Kent"
    ],
    "coordinates": {
      "lat": 39.4883,
      "lng": 26.3331
    },
    "city": "Çanakkale",
    "district": "Ayvacık",
    "average_stay_minutes": 120,
    "average_spend": {
      "amount": 40,
      "currency": "TRY"
    },
    "best_visit_times": {
      "season": [
        "İlkbahar",
        "Yaz",
        "Sonbahar"
      ],
      "days": [
        "Cumartesi",
        "Pazar"
      ],
      "hours": [
        "09:00-18:00"
      ]
    },
    "tags": [
      "assos",
      "antik kent",
      "athena tapınağı"
    ],
    "popularity_score": 95,
    "virality_trend": "yükselişte",
    "average_rating": 4.8,
    "review_count": 7200,
    "sources": [
      "Tripadvisor"
    ],
    "photos": []
  },
  {
    "id": "place_CAN_004",
    "name": "Aynalı Çarşı",
    "category": [
      "Kültürel",
      "Çarşı"
    ],
    "coordinates": {
      "lat": 40.1453,
      "lng": 26.4056
    },
    "city": "Çanakkale",
    "district": "Merkez",
    "average_stay_minutes": 60,
    "average_spend": {
      "amount": 150,
      "currency": "TRY"
    },
    "best_visit_times": {
      "season": [
        "Tüm yıl"
      ],
      "days": [
        "Hafta sonu"
      ],
      "hours": [
        "09:00-20:00"
      ]
    },
    "tags": [
      "aynali çarşı",
      "alışveriş",
      "hediyelik eşya"
    ],
    "popularity_score": 89,
    "virality_trend": "stabil",
    "average_rating": 4.6,
    "review_count": 3000,
    "sources": [
      "Tripadvisor"
    ],
    "photos": []
  },
  {
    "id": "place_CAN_005",
    "name": "Kilitbahir Kalesi",
    "category": [
      "Tarihi",
      "Kale"
    ],
    "coordinates": {
      "lat": 40.1519,
      "lng": 26.3869
    },
    "city": "Çanakkale",
    "district": "Eceabat",
    "average_stay_minutes": 75,
    "average_spend": {
      "amount": 20,
      "currency": "TRY"
    },
    "best_visit_times": {
      "season": [
        "İlkbahar",
        "Sonbahar"
      ],
      "days": [
        "Cumartesi"
      ],
      "hours": [
        "09:00-18:00"
      ]
    },
    "tags": [
      "kilitbahir kalesi",
      "boğaz savunması",
      "osmanlı dönemi"
    ],
    "popularity_score": 90,
    "virality_trend": "stabil",
    "average_rating": 4.7,
    "review_count": 2100,
    "sources": [
      "Tripadvisor"
    ],
    "photos": []
  },
  {
    "id": "place_CAN_006",
    "name": "Bozcaada",
    "category": [
      "Doğal",
      "Ada"
    ],
    "coordinates": {
      "lat": 39.8333,
      "lng": 26.0667
    },
    "city": "Çanakkale",
    "district": "Bozcaada",
    "average_stay_minutes": 300,
    "average_spend": {
      "amount": 300,
      "currency": "TRY"
    },
    "best_visit_times": {
      "season": [
        "Yaz",
        "İlkbahar"
      ],
      "days": [
        "Cumartesi",
        "Pazar"
      ],
      "hours": [
        "Tüm gün"
      ]
    },
    "tags": [
      "bozcaada",
      "bağcılık",
      "şarap",
      "plajlar"
    ],
    "popularity_score": 97,
    "virality_trend": "yükselişte",
    "average_rating": 4.9,
    "review_count": 9200,
    "sources": [
      "Tripadvisor"
    ],
    "photos": []
  },
  {
    "id": "place_CAN_007",
    "name": "Gökçeada",
    "category": [
      "Doğal",
      "Ada"
    ],
    "coordinates": {
      "lat": 40.2,
      "lng": 25.9
    },
    "city": "Çanakkale",
    "district": "Gökçeada",
    "average_stay_minutes": 300,
    "average_spend": {
      "amount": 350,
      "currency": "TRY"
    },
    "best_visit_times": {
      "season": [
        "Yaz"
      ],
      "days": [
        "Cumartesi",
        "Pazar"
      ],
      "hours": [
        "Tüm gün"
      ]
    },
    "tags": [
      "gökçeada",
      "plaj",
      "doğa",
      "dalış"
    ],
    "popularity_score": 96,
    "virality_trend": "yükselişte",
    "average_rating": 4.9,
    "review_count": 8800,
    "sources": [
      "Tripadvisor"
    ],
    "photos": []
  },
  {
    "id": "place_CAN_008",
    "name": "Truva Atı (Çanakkale Merkez)",
    "category": [
      "Kültürel",
      "Anıt"
    ],
    "coordinates": {
      "lat": 40.1464,
      "lng": 26.4059
    },
    "city": "Çanakkale",
    "district": "Merkez",
    "average_stay_minutes": 30,
    "average_spend": {
      "amount": 0,
      "currency": "TRY"
    },
    "best_visit_times": {
      "season": [
        "Tüm yıl"
      ],
      "days": [
        "Her gün"
      ],
      "hours": [
        "Tüm gün"
      ]
    },
    "tags": [
      "truva atı",
      "film truva",
      "çanakkale merkezi"
    ],
    "popularity_score": 85,
    "virality_trend": "stabil",
    "average_rating": 4.4,
    "review_count": 2700,
    "sources": [
      "Tripadvisor"
    ],
    "photos": []
  }
]