[
  {
    "id": "place_ELZ_001",
    "name": "Harput Kalesi (Süt Kalesi)",
    "category": [
      "Tarihi",
      "Kale"
    ],
    "coordinates": {
      "lat": 38.6967,
      "lng": 39.2425
    },
    "city": "Elazığ",
    "district": "Harput",
    "average_stay_minutes": 90,
    "average_spend": {
      "amount": 20,
      "currency": "TRY"
    },
    "best_visit_times": {
      "season": [
        "İlkbahar",
        "Yaz",
        "Sonbahar"
      ],
      "days": [
        "Cumartesi",
        "Pazar"
      ],
      "hours": [
        "09:00-18:00"
      ]
    },
    "tags": [
      "harput kalesi",
      "süt kalesi",
      "urartu",
      "panoramik manzara"
    ],
    "popularity_score": 95,
    "virality_trend": "yükselişte",
    "average_rating": 4.8,
    "review_count": 6700,
    "sources": [
      "Tripadvisor"
    ],
    "photos": []
  },
  {
    "id": "place_ELZ_002",
    "name": "Harput Ulu Camii",
    "category": [
      "Tarihi",
      "Cami"
    ],
    "coordinates": {
      "lat": 38.6974,
      "lng": 39.242
    },
    "city": "Elazığ",
    "district": "Harput",
    "average_stay_minutes": 45,
    "average_spend": {
      "amount": 0,
      "currency": "TRY"
    },
    "best_visit_times": {
      "season": [
        "Tüm yıl"
      ],
      "days": [
        "Hafta içi"
      ],
      "hours": [
        "09:00-19:00"
      ]
    },
    "tags": [
      "ulu camii",
      "selçuklu dönemi",
      "eğik minare"
    ],
    "popularity_score": 90,
    "virality_trend": "stabil",
    "average_rating": 4.7,
    "review_count": 2500,
    "sources": [
      "Tripadvisor"
    ],
    "photos": []
  },
  {
    "id": "place_ELZ_003",
    "name": "Hazar Gölü",
    "category": [
      "Doğal",
      "Göl"
    ],
    "coordinates": {
      "lat": 38.4,
      "lng": 39.3333
    },
    "city": "Elazığ",
    "district": "Sivrice",
    "average_stay_minutes": 180,
    "average_spend": {
      "amount": 100,
      "currency": "TRY"
    },
    "best_visit_times": {
      "season": [
        "Yaz",
        "İlkbahar"
      ],
      "days": [
        "Cumartesi",
        "Pazar"
      ],
      "hours": [
        "09:00-20:00"
      ]
    },
    "tags": [
      "hazar gölü",
      "yüzme",
      "kamp",
      "tekne turu"
    ],
    "popularity_score": 96,
    "virality_trend": "yükselişte",
    "average_rating": 4.9,
    "review_count": 8200,
    "sources": [
      "Tripadvisor"
    ],
    "photos": []
  },
  {
    "id": "place_ELZ_004",
    "name": "Buzluk Mağarası",
    "category": [
      "Doğal",
      "Mağara"
    ],
    "coordinates": {
      "lat": 38.7,
      "lng": 39.25
    },
    "city": "Elazığ",
    "district": "Harput",
    "average_stay_minutes": 60,
    "average_spend": {
      "amount": 10,
      "currency": "TRY"
    },
    "best_visit_times": {
      "season": [
        "Yaz"
      ],
      "days": [
        "Cumartesi",
        "Pazar"
      ],
      "hours": [
        "10:00-17:00"
      ]
    },
    "tags": [
      "buzluk mağarası",
      "doğal soğukluk",
      "harput"
    ],
    "popularity_score": 87,
    "virality_trend": "stabil",
    "average_rating": 4.5,
    "review_count": 1600,
    "sources": [
      "Tripadvisor"
    ],
    "photos": []
  },
  {
    "id": "place_ELZ_005",
    "name": "Sivrice Hazarbaba Kayak Merkezi",
    "category": [
      "Kış Sporları",
      "Doğal"
    ],
    "coordinates": {
      "lat": 38.45,
      "lng": 39.3
    },
    "city": "Elazığ",
    "district": "Sivrice",
    "average_stay_minutes": 240,
    "average_spend": {
      "amount": 600,
      "currency": "TRY"
    },
    "best_visit_times": {
      "season": [
        "Kış"
      ],
      "days": [
        "Cumartesi",
        "Pazar"
      ],
      "hours": [
        "09:00-17:00"
      ]
    },
    "tags": [
      "kayak merkezi",
      "hazarbaba dağı",
      "kış turizmi"
    ],
    "popularity_score": 88,
    "virality_trend": "yükselişte",
    "average_rating": 4.6,
    "review_count": 1900,
    "sources": [
      "Tripadvisor"
    ],
    "photos": []
  },
  {
    "id": "place_ELZ_006",
    "name": "Elazığ Arkeoloji ve Etnografya Müzesi",
    "category": [
      "Müze",
      "Tarih"
    ],
    "coordinates": {
      "lat": 38.6736,
      "lng": 39.2231
    },
    "city": "Elazığ",
    "district": "Merkez",
    "average_stay_minutes": 90,
    "average_spend": {
      "amount": 30,
      "currency": "TRY"
    },
    "best_visit_times": {
      "season": [
        "Tüm yıl"
      ],
      "days": [
        "Salı",
        "Perşembe"
      ],
      "hours": [
        "10:00-17:00"
      ]
    },
    "tags": [
      "arkeoloji müzesi",
      "hitit eserleri",
      "kommagene buluntuları"
    ],
    "popularity_score": 85,
    "virality_trend": "stabil",
    "average_rating": 4.5,
    "review_count": 1200,
    "sources": [
      "Tripadvisor"
    ],
    "photos": []
  },
  {
    "id": "place_ELZ_007",
    "name": "Harput Müzesi",
    "category": [
      "Müze",
      "Tarih"
    ],
    "coordinates": {
      "lat": 38.6965,
      "lng": 39.2423
    },
    "city": "Elazığ",
    "district": "Harput",
    "average_stay_minutes": 60,
    "average_spend": {
      "amount": 20,
      "currency": "TRY"
    },
    "best_visit_times": {
      "season": [
        "Tüm yıl"
      ],
      "days": [
        "Hafta içi"
      ],
      "hours": [
        "10:00-17:00"
      ]
    },
    "tags": [
      "harput müzesi",
      "etnografya",
      "tarihî eserler"
    ],
    "popularity_score": 83,
    "virality_trend": "stabil",
    "average_rating": 4.4,
    "review_count": 900,
    "sources": [
      "Tripadvisor"
    ],
    "photos": []
  },
  {
    "id": "place_ELZ_008",
    "name": "Meryem Ana Kilisesi",
    "category": [
      "Tarihi",
      "Kilise"
    ],
    "coordinates": {
      "lat": 38.695,
      "lng": 39.24
    },
    "city": "Elazığ",
    "district": "Harput",
    "average_stay_minutes": 40,
    "average_spend": {
      "amount": 0,
      "currency": "TRY"
    },
    "best_visit_times": {
      "season": [
        "Tüm yıl"
      ],
      "days": [
        "Hafta içi"
      ],
      "hours": [
        "09:00-18:00"
      ]
    },
    "tags": [
      "süryani kilisesi",
      "harput",
      "tarihî yapı"
    ],
    "popularity_score": 82,
    "virality_trend": "stabil",
    "average_rating": 4.4,
    "review_count": 800,
    "sources": [
      "Tripadvisor"
    ],
    "photos": []
  },
  {
    "id": "place_ELZ_009",
    "name": "Keban Barajı ve Gölü",
    "category": [
      "Doğal",
      "Baraj"
    ],
    "coordinates": {
      "lat": 38.7933,
      "lng": 38.7378
    },
    "city": "Elazığ",
    "district": "Keban",
    "average_stay_minutes": 120,
    "average_spend": {
      "amount": 50,
      "currency": "TRY"
    },
    "best_visit_times": {
      "season": [
        "Yaz",
        "İlkbahar"
      ],
      "days": [
        "Cumartesi",
        "Pazar"
      ],
      "hours": [
        "09:00-19:00"
      ]
    },
    "tags": [
      "keban barajı",
      "balık lokantası",
      "manzara"
    ],
    "popularity_score": 89,
    "virality_trend": "stabil",
    "average_rating": 4.6,
    "review_count": 2100,
    "sources": [
      "Tripadvisor"
    ],
    "photos": []
  }
]