[
  {
    "id": "place_ERZ_001",
    "name": "Çifte Minareli Medrese",
    "category": [
      "Tarihi",
      "Anıt"
    ],
    "coordinates": {
      "lat": 39.9059,
      "lng": 41.2715
    },
    "city": "Erzurum",
    "district": "Yakutiye",
    "average_stay_minutes": 60,
    "average_spend": {
      "amount": 50,
      "currency": "TRY"
    },
    "best_visit_times": {
      "season": [
        "İlkbahar",
        "Yaz",
        "Sonbahar"
      ],
      "days": [
        "Hafta içi"
      ],
      "hours": [
        "09:00-18:00"
      ]
    },
    "tags": [
      "selçuklu mimarisi",
      "tarihî eser",
      "erzurum merkezi",
      "fotoğraf noktası"
    ],
    "popularity_score": 96,
    "virality_trend": "yükselişte",
    "average_rating": 4.8,
    "review_count": 7200,
    "sources": [
      "Tripadvisor"
    ],
    "photos": []
  },
  {
    "id": "place_ERZ_002",
    "name": "Yakutiye Medresesi (Türk İslam Eserleri ve Etnografya Müzesi)",
    "category": [
      "Müze",
      "Tarihi"
    ],
    "coordinates": {
      "lat": 39.9053,
      "lng": 41.2729
    },
    "city": "Erzurum",
    "district": "Yakutiye",
    "average_stay_minutes": 75,
    "average_spend": {
      "amount": 80,
      "currency": "TRY"
    },
    "best_visit_times": {
      "season": [
        "Tüm yıl"
      ],
      "days": [
        "Salı",
        "Perşembe"
      ],
      "hours": [
        "09:00-17:00"
      ]
    },
    "tags": [
      "etnografya müzesi",
      "selçuklu dönemi",
      "erzurum tarihi",
      "kapalı mekân"
    ],
    "popularity_score": 93,
    "virality_trend": "stabil",
    "average_rating": 4.7,
    "review_count": 4800,
    "sources": [
      "Tripadvisor"
    ],
    "photos": []
  },
  {
    "id": "place_ERZ_003",
    "name": "Erzurum Kalesi ve Saat Kulesi",
    "category": [
      "Tarihi",
      "Manzara"
    ],
    "coordinates": {
      "lat": 39.9069,
      "lng": 41.2742
    },
    "city": "Erzurum",
    "district": "Yakutiye",
    "average_stay_minutes": 60,
    "average_spend": {
      "amount": 30,
      "currency": "TRY"
    },
    "best_visit_times": {
      "season": [
        "İlkbahar",
        "Yaz"
      ],
      "days": [
        "Cumartesi",
        "Pazar"
      ],
      "hours": [
        "09:00-18:00"
      ]
    },
    "tags": [
      "erzurum kalesi",
      "saat kulesi",
      "panoramik manzara",
      "tarihî yapı"
    ],
    "popularity_score": 90,
    "virality_trend": "stabil",
    "average_rating": 4.5,
    "review_count": 3100,
    "sources": [
      "Tripadvisor"
    ],
    "photos": []
  },
  {
    "id": "place_ERZ_004",
    "name": "Üç Kümbetler",
    "category": [
      "Tarihi",
      "Anıt"
    ],
    "coordinates": {
      "lat": 39.9007,
      "lng": 41.2799
    },
    "city": "Erzurum",
    "district": "Yakutiye",
    "average_stay_minutes": 40,
    "average_spend": {
      "amount": 0,
      "currency": "TRY"
    },
    "best_visit_times": {
      "season": [
        "İlkbahar",
        "Yaz",
        "Sonbahar"
      ],
      "days": [
        "Hafta içi"
      ],
      "hours": [
        "09:00-18:00"
      ]
    },
    "tags": [
      "türbe",
      "selçuklu mimarisi",
      "erzurum simgesi",
      "mezar anıtları"
    ],
    "popularity_score": 88,
    "virality_trend": "stabil",
    "average_rating": 4.4,
    "review_count": 2200,
    "sources": [
      "Tripadvisor"
    ],
    "photos": []
  },
  {
    "id": "place_ERZ_005",
    "name": "Palandöken Kayak Merkezi",
    "category": [
      "Kış Sporları",
      "Doğal"
    ],
    "coordinates": {
      "lat": 39.8498,
      "lng": 41.2768
    },
    "city": "Erzurum",
    "district": "Palandöken",
    "average_stay_minutes": 300,
    "average_spend": {
      "amount": 1200,
      "currency": "TRY"
    },
    "best_visit_times": {
      "season": [
        "Kış"
      ],
      "days": [
        "Cuma",
        "Cumartesi",
        "Pazar"
      ],
      "hours": [
        "09:00-17:00"
      ]
    },
    "tags": [
      "kayak merkezi",
      "snowboard",
      "kış turizmi",
      "dağ manzarası"
    ],
    "popularity_score": 97,
    "virality_trend": "yükselişte",
    "average_rating": 4.8,
    "review_count": 8600,
    "sources": [
      "Tripadvisor",
      "Foursquare"
    ],
    "photos": []
  },
  {
    "id": "place_ERZ_006",
    "name": "Aziziye Tabyaları (Top Dağı Tabyaları)",
    "category": [
      "Tarihi",
      "Anıt"
    ],
    "coordinates": {
      "lat": 39.9195,
      "lng": 41.3092
    },
    "city": "Erzurum",
    "district": "Yakutiye",
    "average_stay_minutes": 60,
    "average_spend": {
      "amount": 0,
      "currency": "TRY"
    },
    "best_visit_times": {
      "season": [
        "İlkbahar",
        "Yaz"
      ],
      "days": [
        "Cumartesi",
        "Pazar"
      ],
      "hours": [
        "10:00-18:00"
      ]
    },
    "tags": [
      "aziziye tabyası",
      "93 harbi",
      "savunma tarihi",
      "erzurum tabyaları"
    ],
    "popularity_score": 87,
    "virality_trend": "stabil",
    "average_rating": 4.5,
    "review_count": 1900,
    "sources": [
      "Tripadvisor"
    ],
    "photos": []
  },
  {
    "id": "place_ERZ_007",
    "name": "Atatürk Evi Müzesi",
    "category": [
      "Müze",
      "Tarih"
    ],
    "coordinates": {
      "lat": 39.9074,
      "lng": 41.2668
    },
    "city": "Erzurum",
    "district": "Yakutiye",
    "average_stay_minutes": 60,
    "average_spend": {
      "amount": 40,
      "currency": "TRY"
    },
    "best_visit_times": {
      "season": [
        "Tüm yıl"
      ],
      "days": [
        "Salı",
        "Perşembe"
      ],
      "hours": [
        "10:00-17:00"
      ]
    },
    "tags": [
      "atatürk evi",
      "cumhuriyet tarihi",
      "erzurum kongresi",
      "müze ziyareti"
    ],
    "popularity_score": 86,
    "virality_trend": "stabil",
    "average_rating": 4.6,
    "review_count": 1700,
    "sources": [
      "Tripadvisor"
    ],
    "photos": []
  },
  {
    "id": "place_ERZ_008",
    "name": "Erzurum Kongre ve Milli Mücadele Müzesi",
    "category": [
      "Müze",
      "Tarih"
    ],
    "coordinates": {
      "lat": 39.907,
      "lng": 41.2679
    },
    "city": "Erzurum",
    "district": "Yakutiye",
    "average_stay_minutes": 75,
    "average_spend": {
      "amount": 40,
      "currency": "TRY"
    },
    "best_visit_times": {
      "season": [
        "Tüm yıl"
      ],
      "days": [
        "Hafta içi"
      ],
      "hours": [
        "10:00-17:00"
      ]
    },
    "tags": [
      "erzurum kongresi",
      "milli mücadele",
      "tarihî müze",
      "cumhuriyet"
    ],
    "popularity_score": 85,
    "virality_trend": "stabil",
    "average_rating": 4.5,
    "review_count": 1500,
    "sources": [
      "Tripadvisor"
    ],
    "photos": []
  },
  {
    "id": "place_ERZ_009",
    "name": "Erzurum Ulu Camii",
    "category": [
      "Cami",
      "Tarihi"
    ],
    "coordinates": {
      "lat": 39.9061,
      "lng": 41.2705
    },
    "city": "Erzurum",
    "district": "Yakutiye",
    "average_stay_minutes": 40,
    "average_spend": {
      "amount": 0,
      "currency": "TRY"
    },
    "best_visit_times": {
      "season": [
        "Tüm yıl"
      ],
      "days": [
        "Hafta içi"
      ],
      "hours": [
        "09:00-19:00"
      ]
    },
    "tags": [
      "ulu camii",
      "erzurum camileri",
      "selçuklu mimarisi",
      "ibadet yeri"
    ],
    "popularity_score": 84,
    "virality_trend": "stabil",
    "average_rating": 4.4,
    "review_count": 1600,
    "sources": [
      "Tripadvisor"
    ],
    "photos": []
  }
]