[
  {
    "id": "place_KUT_001",
    "name": "Kütahya Kalesi",
    "category": [
      "Tarihi",
      "Kale"
    ],
    "coordinates": {
      "lat": 39.42,
      "lng": 29.983
    },
    "city": "Kütahya",
    "district": "Merkez",
    "average_stay_minutes": 90,
    "average_spend": {
      "amount": 20,
      "currency": "TRY"
    },
    "best_visit_times": {
      "season": [
        "İlkbahar",
        "Yaz",
        "Sonbahar"
      ],
      "days": [
        "Cumartesi",
        "Pazar"
      ],
      "hours": [
        "09:00-18:00"
      ]
    },
    "tags": [
      "kütahya kalesi",
      "panoramik manzara",
      "tarihî eser"
    ],
    "popularity_score": 90,
    "virality_trend": "stabil",
    "average_rating": 4.6,
    "review_count": 2100,
    "sources": [
      "Tripadvisor"
    ],
    "photos": []
  },
  {
    "id": "place_KUT_002",
    "name": "Kütahya Ulu Camii",
    "category": [
      "Tarihi",
      "Cami"
    ],
    "coordinates": {
      "lat": 39.4205,
      "lng": 29.9835
    },
    "city": "Kütahya",
    "district": "Merkez",
    "average_stay_minutes": 40,
    "average_spend": {
      "amount": 0,
      "currency": "TRY"
    },
    "best_visit_times": {
      "season": [
        "Tüm yıl"
      ],
      "days": [
        "Hafta içi"
      ],
      "hours": [
        "09:00-19:00"
      ]
    },
    "tags": [
      "ulu camii",
      "tarihî cami",
      "osmanlı dönemi"
    ],
    "popularity_score": 85,
    "virality_trend": "stabil",
    "average_rating": 4.5,
    "review_count": 1300,
    "sources": [
      "Tripadvisor"
    ],
    "photos": []
  },
  {
    "id": "place_KUT_003",
    "name": "Çini Müzesi (Germiyan Sokak)",
    "category": [
      "Müze",
      "Kültür"
    ],
    "coordinates": {
      "lat": 39.421,
      "lng": 29.984
    },
    "city": "Kütahya",
    "district": "Merkez",
    "average_stay_minutes": 60,
    "average_spend": {
      "amount": 30,
      "currency": "TRY"
    },
    "best_visit_times": {
      "season": [
        "Tüm yıl"
      ],
      "days": [
        "Salı",
        "Perşembe"
      ],
      "hours": [
        "10:00-17:00"
      ]
    },
    "tags": [
      "çini müzesi",
      "kütahya çinisi",
      "seramik sanatı"
    ],
    "popularity_score": 88,
    "virality_trend": "stabil",
    "average_rating": 4.7,
    "review_count": 1600,
    "sources": [
      "Tripadvisor"
    ],
    "photos": []
  },
  {
    "id": "place_KUT_004",
    "name": "Frig Vadisi (Kütahya Bölümü)",
    "category": [
      "Doğal",
      "Tarihi"
    ],
    "coordinates": {
      "lat": 39.15,
      "lng": 30.0
    },
    "city": "Kütahya",
    "district": "Aslanapa",
    "average_stay_minutes": 150,
    "average_spend": {
      "amount": 20,
      "currency": "TRY"
    },
    "best_visit_times": {
      "season": [
        "İlkbahar",
        "Sonbahar"
      ],
      "days": [
        "Cumartesi",
        "Pazar"
      ],
      "hours": [
        "09:00-19:00"
      ]
    },
    "tags": [
      "frig vadisi",
      "antik kaya mezarları",
      "doğa yürüyüşü"
    ],
    "popularity_score": 92,
    "virality_trend": "yükselişte",
    "average_rating": 4.8,
    "review_count": 3000,
    "sources": [
      "Tripadvisor"
    ],
    "photos": []
  },
  {
    "id": "place_KUT_005",
    "name": "Aizonai Antik Kenti",
    "category": [
      "Tarihi",
      "Antik Kent"
    ],
    "coordinates": {
      "lat": 39.1978,
      "lng": 29.6142
    },
    "city": "Kütahya",
    "district": "Çavdarhisar",
    "average_stay_minutes": 180,
    "average_spend": {
      "amount": 40,
      "currency": "TRY"
    },
    "best_visit_times": {
      "season": [
        "İlkbahar",
        "Yaz",
        "Sonbahar"
      ],
      "days": [
        "Cumartesi",
        "Pazar"
      ],
      "hours": [
        "09:00-18:00"
      ]
    },
    "tags": [
      "aizonai",
      "antik tiyatro",
      "zeus tapınağı",
      "antik kent"
    ],
    "popularity_score": 97,
    "virality_trend": "yükselişte",
    "average_rating": 4.9,
    "review_count": 7200,
    "sources": [
      "Tripadvisor"
    ],
    "photos": []
  },
  {
    "id": "place_KUT_006",
    "name": "Kütahya Çini Çarşısı",
    "category": [
      "Kültürel",
      "Çarşı"
    ],
    "coordinates": {
      "lat": 39.4208,
      "lng": 29.985
    },
    "city": "Kütahya",
    "district": "Merkez",
    "average_stay_minutes": 90,
    "average_spend": {
      "amount": 200,
      "currency": "TRY"
    },
    "best_visit_times": {
      "season": [
        "Tüm yıl"
      ],
      "days": [
        "Cumartesi",
        "Pazar"
      ],
      "hours": [
        "09:00-19:00"
      ]
    },
    "tags": [
      "kütahya çinisi",
      "hediyelik eşya",
      "seramik alışveriş"
    ],
    "popularity_score": 87,
    "virality_trend": "stabil",
    "average_rating": 4.6,
    "review_count": 1800,
    "sources": [
      "Tripadvisor"
    ],
    "photos": []
  },
  {
    "id": "place_KUT_007",
    "name": "Dumlupınar Şehitliği",
    "category": [
      "Tarihi",
      "Anıt"
    ],
    "coordinates": {
      "lat": 39.1133,
      "lng": 29.9833
    },
    "city": "Kütahya",
    "district": "Dumlupınar",
    "average_stay_minutes": 60,
    "average_spend": {
      "amount": 0,
      "currency": "TRY"
    },
    "best_visit_times": {
      "season": [
        "İlkbahar",
        "Sonbahar"
      ],
      "days": [
        "30 Ağustos",
        "Cumartesi"
      ],
      "hours": [
        "09:00-18:00"
      ]
    },
    "tags": [
      "dumlupınar şehitliği",
      "istiklal savaşı",
      "anıt mezar"
    ],
    "popularity_score": 93,
    "virality_trend": "stabil",
    "average_rating": 4.8,
    "review_count": 3500,
    "sources": [
      "Tripadvisor"
    ],
    "photos": []
  }
]