[
  {
    "id": "place_SIR_001",
    "name": "Cudi Dağı",
    "category": [
      "Doğal",
      "Dağ"
    ],
    "coordinates": {
      "lat": 37.367,
      "lng": 42.45
    },
    "city": "Şırnak",
    "district": "Silopi",
    "average_stay_minutes": 180,
    "average_spend": {
      "amount": 20,
      "currency": "TRY"
    },
    "best_visit_times": {
      "season": [
        "İlkbahar",
        "Yaz",
        "Sonbahar"
      ],
      "days": [
        "Cumartesi",
        "Pazar"
      ],
      "hours": [
        "06:00-20:00"
      ]
    },
    "tags": [
      "cudi dağı",
      "doğa yürüyüşü",
      "tarihî dağ",
      "nuh'un gemisi efsanesi"
    ],
    "popularity_score": 95,
    "virality_trend": "yükselişte",
    "average_rating": 4.8,
    "review_count": 4200,
    "sources": [
      "Tripadvisor"
    ],
    "photos": []
  },
  {
    "id": "place_SIR_002",
    "name": "Kasrik Boğazı",
    "category": [
      "Doğal",
      "Vadi"
    ],
    "coordinates": {
      "lat": 37.33,
      "lng": 42.25
    },
    "city": "Şırnak",
    "district": "Merkez",
    "average_stay_minutes": 120,
    "average_spend": {
      "amount": 15,
      "currency": "TRY"
    },
    "best_visit_times": {
      "season": [
        "İlkbahar",
        "Yaz"
      ],
      "days": [
        "Cumartesi",
        "Pazar"
      ],
      "hours": [
        "08:00-19:00"
      ]
    },
    "tags": [
      "kasrik boğazı",
      "doğa manzarası",
      "piknik alanı"
    ],
    "popularity_score": 90,
    "virality_trend": "stabil",
    "average_rating": 4.7,
    "review_count": 2500,
    "sources": [
      "Tripadvisor"
    ],
    "photos": []
  },
  {
    "id": "place_SIR_003",
    "name": "Finik Ören Yeri ve Kalesi",
    "category": [
      "Tarihi",
      "Kale"
    ],
    "coordinates": {
      "lat": 37.373,
      "lng": 42.25
    },
    "city": "Şırnak",
    "district": "Merkez",
    "average_stay_minutes": 90,
    "average_spend": {
      "amount": 10,
      "currency": "TRY"
    },
    "best_visit_times": {
      "season": [
        "İlkbahar",
        "Sonbahar"
      ],
      "days": [
        "Cumartesi"
      ],
      "hours": [
        "09:00-18:00"
      ]
    },
    "tags": [
      "finik kalesi",
      "ören yeri",
      "tarihî kale"
    ],
    "popularity_score": 84,
    "virality_trend": "stabil",
    "average_rating": 4.4,
    "review_count": 1100,
    "sources": [
      "Tripadvisor"
    ],
    "photos": []
  },
  {
    "id": "place_SIR_004",
    "name": "Şırnak Ulu Camii",
    "category": [
      "Tarihi",
      "Cami"
    ],
    "coordinates": {
      "lat": 37.52,
      "lng": 42.46
    },
    "city": "Şırnak",
    "district": "Merkez",
    "average_stay_minutes": 40,
    "average_spend": {
      "amount": 0,
      "currency": "TRY"
    },
    "best_visit_times": {
      "season": [
        "Tüm yıl"
      ],
      "days": [
        "Hafta içi"
      ],
      "hours": [
        "09:00-19:00"
      ]
    },
    "tags": [
      "ulu camii",
      "osmanlı dönemi",
      "tarihî cami"
    ],
    "popularity_score": 82,
    "virality_trend": "stabil",
    "average_rating": 4.3,
    "review_count": 800,
    "sources": [
      "Tripadvisor"
    ],
    "photos": []
  },
  {
    "id": "place_SIR_005",
    "name": "Kato Dağı",
    "category": [
      "Doğal",
      "Dağ"
    ],
    "coordinates": {
      "lat": 37.7,
      "lng": 43.0
    },
    "city": "Şırnak",
    "district": "Beytüşşebap",
    "average_stay_minutes": 180,
    "average_spend": {
      "amount": 0,
      "currency": "TRY"
    },
    "best_visit_times": {
      "season": [
        "Yaz"
      ],
      "days": [
        "Cumartesi",
        "Pazar"
      ],
      "hours": [
        "07:00-19:00"
      ]
    },
    "tags": [
      "kato dağı",
      "doğa yürüyüşü",
      "dağ manzarası"
    ],
    "popularity_score": 86,
    "virality_trend": "stabil",
    "average_rating": 4.5,
    "review_count": 1300,
    "sources": [
      "Tripadvisor"
    ],
    "photos": []
  },
  {
    "id": "place_SIR_006",
    "name": "Bestler Dereler Vadisi",
    "category": [
      "Doğal",
      "Vadi"
    ],
    "coordinates": {
      "lat": 37.45,
      "lng": 42.7
    },
    "city": "Şırnak",
    "district": "Merkez",
    "average_stay_minutes": 120,
    "average_spend": {
      "amount": 10,
      "currency": "TRY"
    },
    "best_visit_times": {
      "season": [
        "İlkbahar",
        "Yaz"
      ],
      "days": [
        "Cumartesi",
        "Pazar"
      ],
      "hours": [
        "08:00-18:00"
      ]
    },
    "tags": [
      "bestler dereler vadisi",
      "doğa turizmi",
      "manzara"
    ],
    "popularity_score": 85,
    "virality_trend": "stabil",
    "average_rating": 4.4,
    "review_count": 1000,
    "sources": [
      "Tripadvisor"
    ],
    "photos": []
  },
  {
    "id": "place_SIR_007",
    "name": "İdil Mor Yakup Kilisesi",
    "category": [
      "Tarihi",
      "Kilise"
    ],
    "coordinates": {
      "lat": 37.338,
      "lng": 41.889
    },
    "city": "Şırnak",
    "district": "İdil",
    "average_stay_minutes": 60,
    "average_spend": {
      "amount": 0,
      "currency": "TRY"
    },
    "best_visit_times": {
      "season": [
        "Tüm yıl"
      ],
      "days": [
        "Hafta içi"
      ],
      "hours": [
        "09:00-18:00"
      ]
    },
    "tags": [
      "mor yakup kilisesi",
      "süryani kilisesi",
      "inanç turizmi"
    ],
    "popularity_score": 83,
    "virality_trend": "stabil",
    "average_rating": 4.3,
    "review_count": 900,
    "sources": [
      "Tripadvisor"
    ],
    "photos": []
  },
  {
    "id": "place_SIR_008",
    "name": "Besta Yaylası",
    "category": [
      "Doğal",
      "Yayla"
    ],
    "coordinates": {
      "lat": 37.48,
      "lng": 42.6
    },
    "city": "Şırnak",
    "district": "Merkez",
    "average_stay_minutes": 150,
    "average_spend": {
      "amount": 20,
      "currency": "TRY"
    },
    "best_visit_times": {
      "season": [
        "Yaz"
      ],
      "days": [
        "Cumartesi",
        "Pazar"
      ],
      "hours": [
        "09:00-19:00"
      ]
    },
    "tags": [
      "besta yaylası",
      "doğa yürüyüşü",
      "piknik"
    ],
    "popularity_score": 84,
    "virality_trend": "stabil",
    "average_rating": 4.4,
    "review_count": 950,
    "sources": [
      "Tripadvisor"
    ],
    "photos": []
  }
]