[
  {
    "id": "place_SIV_001",
    "name": "Divriği Ulu Camii ve Darüşşifası",
    "category": [
      "Tarihi",
      "Cami"
    ],
    "coordinates": {
      "lat": 39.37,
      "lng": 38.12
    },
    "city": "Sivas",
    "district": "Divriği",
    "average_stay_minutes": 90,
    "average_spend": {
      "amount": 50,
      "currency": "TRY"
    },
    "best_visit_times": {
      "season": [
        "İlkbahar",
        "Yaz",
        "Sonbahar"
      ],
      "days": [
        "Cumartesi",
        "Pazar"
      ],
      "hours": [
        "09:00-18:00"
      ]
    },
    "tags": [
      "unesco",
      "selçuklu mimarisi",
      "tarihî cami",
      "darüşşifa"
    ],
    "popularity_score": 99,
    "virality_trend": "yükselişte",
    "average_rating": 4.9,
    "review_count": 9200,
    "sources": [
      "Tripadvisor"
    ],
    "photos": []
  },
  {
    "id": "place_SIV_002",
    "name": "Sivas Ulu Camii",
    "category": [
      "Cami",
      "Tarihi"
    ],
    "coordinates": {
      "lat": 39.7486,
      "lng": 37.0169
    },
    "city": "Sivas",
    "district": "Merkez",
    "average_stay_minutes": 45,
    "average_spend": {
      "amount": 0,
      "currency": "TRY"
    },
    "best_visit_times": {
      "season": [
        "Tüm yıl"
      ],
      "days": [
        "Hafta içi"
      ],
      "hours": [
        "09:00-19:00"
      ]
    },
    "tags": [
      "ulu camii",
      "selçuklu eseri",
      "merkez cami"
    ],
    "popularity_score": 90,
    "virality_trend": "stabil",
    "average_rating": 4.7,
    "review_count": 3100,
    "sources": [
      "Tripadvisor"
    ],
    "photos": []
  },
  {
    "id": "place_SIV_003",
    "name": "Buruciye Medresesi",
    "category": [
      "Tarihi",
      "Medrese"
    ],
    "coordinates": {
      "lat": 39.7488,
      "lng": 37.0171
    },
    "city": "Sivas",
    "district": "Merkez",
    "average_stay_minutes": 60,
    "average_spend": {
      "amount": 30,
      "currency": "TRY"
    },
    "best_visit_times": {
      "season": [
        "İlkbahar",
        "Yaz"
      ],
      "days": [
        "Hafta sonu"
      ],
      "hours": [
        "09:00-18:00"
      ]
    },
    "tags": [
      "selçuklu medresesi",
      "tarihî eser",
      "sivas merkezi"
    ],
    "popularity_score": 88,
    "virality_trend": "stabil",
    "average_rating": 4.6,
    "review_count": 2800,
    "sources": [
      "Tripadvisor"
    ],
    "photos": []
  },
  {
    "id": "place_SIV_004",
    "name": "Çifte Minareli Medrese",
    "category": [
      "Tarihi",
      "Medrese"
    ],
    "coordinates": {
      "lat": 39.7492,
      "lng": 37.0174
    },
    "city": "Sivas",
    "district": "Merkez",
    "average_stay_minutes": 45,
    "average_spend": {
      "amount": 20,
      "currency": "TRY"
    },
    "best_visit_times": {
      "season": [
        "Tüm yıl"
      ],
      "days": [
        "Hafta içi"
      ],
      "hours": [
        "09:00-17:00"
      ]
    },
    "tags": [
      "çifte minareli medrese",
      "selçuklu mimarisi",
      "sivas simgesi"
    ],
    "popularity_score": 91,
    "virality_trend": "yükselişte",
    "average_rating": 4.7,
    "review_count": 3500,
    "sources": [
      "Tripadvisor"
    ],
    "photos": []
  },
  {
    "id": "place_SIV_005",
    "name": "Şifaiye Medresesi",
    "category": [
      "Tarihi",
      "Medrese"
    ],
    "coordinates": {
      "lat": 39.749,
      "lng": 37.0173
    },
    "city": "Sivas",
    "district": "Merkez",
    "average_stay_minutes": 40,
    "average_spend": {
      "amount": 20,
      "currency": "TRY"
    },
    "best_visit_times": {
      "season": [
        "Tüm yıl"
      ],
      "days": [
        "Hafta içi"
      ],
      "hours": [
        "09:00-17:00"
      ]
    },
    "tags": [
      "tıp medresesi",
      "selçuklu dönemi",
      "tarihî yapı"
    ],
    "popularity_score": 87,
    "virality_trend": "stabil",
    "average_rating": 4.5,
    "review_count": 2300,
    "sources": [
      "Tripadvisor"
    ],
    "photos": []
  },
  {
    "id": "place_SIV_006",
    "name": "Gök Medrese",
    "category": [
      "Tarihi",
      "Medrese"
    ],
    "coordinates": {
      "lat": 39.7495,
      "lng": 37.0176
    },
    "city": "Sivas",
    "district": "Merkez",
    "average_stay_minutes": 40,
    "average_spend": {
      "amount": 20,
      "currency": "TRY"
    },
    "best_visit_times": {
      "season": [
        "İlkbahar",
        "Sonbahar"
      ],
      "days": [
        "Hafta sonu"
      ],
      "hours": [
        "09:00-18:00"
      ]
    },
    "tags": [
      "selçuklu mimarisi",
      "gök medrese",
      "tarihî eğitim kurumu"
    ],
    "popularity_score": 89,
    "virality_trend": "stabil",
    "average_rating": 4.6,
    "review_count": 2600,
    "sources": [
      "Tripadvisor"
    ],
    "photos": []
  },
  {
    "id": "place_SIV_007",
    "name": "Atatürk ve Kongre Müzesi",
    "category": [
      "Müze",
      "Tarih"
    ],
    "coordinates": {
      "lat": 39.7511,
      "lng": 37.0177
    },
    "city": "Sivas",
    "district": "Merkez",
    "average_stay_minutes": 90,
    "average_spend": {
      "amount": 40,
      "currency": "TRY"
    },
    "best_visit_times": {
      "season": [
        "Tüm yıl"
      ],
      "days": [
        "Salı",
        "Perşembe"
      ],
      "hours": [
        "10:00-17:00"
      ]
    },
    "tags": [
      "sivas kongresi",
      "cumhuriyet tarihi",
      "atatürk müzesi"
    ],
    "popularity_score": 92,
    "virality_trend": "stabil",
    "average_rating": 4.8,
    "review_count": 4000,
    "sources": [
      "Tripadvisor"
    ],
    "photos": []
  },
  {
    "id": "place_SIV_008",
    "name": "Kangal Balıklı Kaplıca",
    "category": [
      "Doğal",
      "Kaplıca"
    ],
    "coordinates": {
      "lat": 39.1286,
      "lng": 37.3911
    },
    "city": "Sivas",
    "district": "Kangal",
    "average_stay_minutes": 120,
    "average_spend": {
      "amount": 150,
      "currency": "TRY"
    },
    "best_visit_times": {
      "season": [
        "Yaz",
        "İlkbahar"
      ],
      "days": [
        "Hafta sonu"
      ],
      "hours": [
        "09:00-20:00"
      ]
    },
    "tags": [
      "balıklı kaplıca",
      "şifalı sular",
      "kangallar",
      "doğa turizmi"
    ],
    "popularity_score": 95,
    "virality_trend": "yükselişte",
    "average_rating": 4.8,
    "review_count": 5100,
    "sources": [
      "Tripadvisor"
    ],
    "photos": []
  },
  {
    "id": "place_SIV_009",
    "name": "Gemerek Sızır Şelalesi",
    "category": [
      "Doğal",
      "Şelale"
    ],
    "coordinates": {
      "lat": 39.1822,
      "lng": 36.0694
    },
    "city": "Sivas",
    "district": "Gemerek",
    "average_stay_minutes": 60,
    "average_spend": {
      "amount": 20,
      "currency": "TRY"
    },
    "best_visit_times": {
      "season": [
        "Yaz",
        "İlkbahar"
      ],
      "days": [
        "Cumartesi",
        "Pazar"
      ],
      "hours": [
        "09:00-19:00"
      ]
    },
    "tags": [
      "sızır şelalesi",
      "doğa yürüyüşü",
      "piknik alanı"
    ],
    "popularity_score": 86,
    "virality_trend": "stabil",
    "average_rating": 4.6,
    "review_count": 1800,
    "sources": [
      "Tripadvisor"
    ],
    "photos": []
  },
  {
    "id": "place_SIV_010",
    "name": "Yıldız Dağı Kayak Merkezi",
    "category": [
      "Kış Sporları",
      "Doğal"
    ],
    "coordinates": {
      "lat": 39.926,
      "lng": 37.185
    },
    "city": "Sivas",
    "district": "Merkez",
    "average_stay_minutes": 240,
    "average_spend": {
      "amount": 800,
      "currency": "TRY"
    },
    "best_visit_times": {
      "season": [
        "Kış"
      ],
      "days": [
        "Cumartesi",
        "Pazar"
      ],
      "hours": [
        "09:00-17:00"
      ]
    },
    "tags": [
      "kayak merkezi",
      "kış sporu",
      "yıldız dağı"
    ],
    "popularity_score": 91,
    "virality_trend": "yükselişte",
    "average_rating": 4.7,
    "review_count": 3000,
    "sources": [
      "Tripadvisor"
    ],
    "photos": []
  },
  {
    "id": "place_SIV_011",
    "name": "Paşabahçe Mesire Alanı",
    "category": [
      "Doğal",
      "Park"
    ],
    "coordinates": {
      "lat": 39.765,
      "lng": 37.001
    },
    "city": "Sivas",
    "district": "Merkez",
    "average_stay_minutes": 120,
    "average_spend": {
      "amount": 50,
      "currency": "TRY"
    },
    "best_visit_times": {
      "season": [
        "Yaz",
        "İlkbahar"
      ],
      "days": [
        "Cumartesi",
        "Pazar"
      ],
      "hours": [
        "10:00-20:00"
      ]
    },
    "tags": [
      "piknik alanı",
      "mesire yeri",
      "aile dostu"
    ],
    "popularity_score": 84,
    "virality_trend": "stabil",
    "average_rating": 4.5,
    "review_count": 1600,
    "sources": [
      "Tripadvisor"
    ],
    "photos": []
  },
  {
    "id": "place_SIV_012",
    "name": "Eğri Köprü",
    "category": [
      "Tarihi",
      "Köprü"
    ],
    "coordinates": {
      "lat": 39.733,
      "lng": 37.017
    },
    "city": "Sivas",
    "district": "Merkez",
    "average_stay_minutes": 40,
    "average_spend": {
      "amount": 0,
      "currency": "TRY"
    },
    "best_visit_times": {
      "season": [
        "Tüm yıl"
      ],
      "days": [
        "Hafta içi"
      ],
      "hours": [
        "09:00-18:00"
      ]
    },
    "tags": [
      "tarihî köprü",
      "kızılırmak nehri",
      "osmanlı dönemi"
    ],
    "popularity_score": 83,
    "virality_trend": "stabil",
    "average_rating": 4.4,
    "review_count": 1400,
    "sources": [
      "Tripadvisor"
    ],
    "photos": []
  },
  {
    "id": "place_SIV_013",
    "name": "Aşık Veysel Müzesi",
    "category": [
      "Müze",
      "Kültür"
    ],
    "coordinates": {
      "lat": 39.955,
      "lng": 36.983
    },
    "city": "Sivas",
    "district": "Şarkışla",
    "average_stay_minutes": 60,
    "average_spend": {
      "amount": 20,
      "currency": "TRY"
    },
    "best_visit_times": {
      "season": [
        "Tüm yıl"
      ],
      "days": [
        "Hafta içi"
      ],
      "hours": [
        "10:00-17:00"
      ]
    },
    "tags": [
      "aşık veysel",
      "halk ozanı",
      "müze ziyareti"
    ],
    "popularity_score": 85,
    "virality_trend": "stabil",
    "average_rating": 4.6,
    "review_count": 1300,
    "sources": [
      "Tripadvisor"
    ],
    "photos": []
  },
  {
    "id": "place_SIV_014",
    "name": "Hafik Gölü",
    "category": [
      "Doğal",
      "Göl"
    ],
    "coordinates": {
      "lat": 39.856,
      "lng": 37.4
    },
    "city": "Sivas",
    "district": "Hafik",
    "average_stay_minutes": 120,
    "average_spend": {
      "amount": 20,
      "currency": "TRY"
    },
    "best_visit_times": {
      "season": [
        "Yaz",
        "İlkbahar",
        "Sonbahar"
      ],
      "days": [
        "Cumartesi",
        "Pazar"
      ],
      "hours": [
        "10:00-19:00"
      ]
    },
    "tags": [
      "hafik gölü",
      "piknik alanı",
      "doğa yürüyüşü"
    ],
    "popularity_score": 84,
    "virality_trend": "stabil",
    "average_rating": 4.5,
    "review_count": 1100,
    "sources": [
      "Tripadvisor"
    ],
    "photos": []
  },
  {
    "id": "place_SIV_015",
    "name": "Zara Tödürge Gölü",
    "category": [
      "Doğal",
      "Göl"
    ],
    "coordinates": {
      "lat": 39.9,
      "lng": 37.75
    },
    "city": "Sivas",
    "district": "Zara",
    "average_stay_minutes": 120,
    "average_spend": {
      "amount": 30,
      "currency": "TRY"
    },
    "best_visit_times": {
      "season": [
        "Yaz",
        "İlkbahar"
      ],
      "days": [
        "Cumartesi",
        "Pazar"
      ],
      "hours": [
        "09:00-19:00"
      ]
    },
    "tags": [
      "tödürge gölü",
      "doğa manzarası",
      "balık tutma"
    ],
    "popularity_score": 83,
    "virality_trend": "stabil",
    "average_rating": 4.4,
    "review_count": 900,
    "sources": [
      "Tripadvisor"
    ],
    "photos": []
  },
  {
    "id": "place_SIV_016",
    "name": "Şuğul Vadisi",
    "category": [
      "Doğal",
      "Vadi"
    ],
    "coordinates": {
      "lat": 39.595,
      "lng": 37.18
    },
    "city": "Sivas",
    "district": "Gürün",
    "average_stay_minutes": 90,
    "average_spend": {
      "amount": 20,
      "currency": "TRY"
    },
    "best_visit_times": {
      "season": [
        "Yaz",
        "İlkbahar",
        "Sonbahar"
      ],
      "days": [
        "Cumartesi",
        "Pazar"
      ],
      "hours": [
        "09:00-18:00"
      ]
    },
    "tags": [
      "şuğul vadisi",
      "doğa yürüyüşü",
      "kamp alanı"
    ],
    "popularity_score": 82,
    "virality_trend": "stabil",
    "average_rating": 4.4,
    "review_count": 800,
    "sources": [
      "Tripadvisor"
    ],
    "photos": []
  }
]