[
  {
    "id": "place_ZON_001",
    "name": "Gökgöl Mağarası",
    "category": [
      "Doğal",
      "Mağara"
    ],
    "coordinates": {
      "lat": 41.4517,
      "lng": 31.8339
    },
    "city": "Zonguldak",
    "district": "Merkez",
    "average_stay_minutes": 90,
    "average_spend": {
      "amount": 30,
      "currency": "TRY"
    },
    "best_visit_times": {
      "season": [
        "İlkbahar",
        "Yaz",
        "Sonbahar"
      ],
      "days": [
        "Cumartesi",
        "Pazar"
      ],
      "hours": [
        "09:00-18:00"
      ]
    },
    "tags": [
      "gökgöl mağarası",
      "sarkıt dikit",
      "doğa turizmi"
    ],
    "popularity_score": 95,
    "virality_trend": "yükselişte",
    "average_rating": 4.8,
    "review_count": 4300,
    "sources": [
      "Tripadvisor"
    ],
    "photos": []
  },
  {
    "id": "place_ZON_002",
    "name": "Cehennemağzı Mağaraları",
    "category": [
      "Doğal",
      "Mağara"
    ],
    "coordinates": {
      "lat": 41.456,
      "lng": 31.791
    },
    "city": "Zonguldak",
    "district": "Ereğli",
    "average_stay_minutes": 75,
    "average_spend": {
      "amount": 25,
      "currency": "TRY"
    },
    "best_visit_times": {
      "season": [
        "İlkbahar",
        "Yaz"
      ],
      "days": [
        "Cumartesi",
        "Pazar"
      ],
      "hours": [
        "09:00-17:00"
      ]
    },
    "tags": [
      "mitoloji",
      "cehennemağzı mağaraları",
      "doğa"
    ],
    "popularity_score": 92,
    "virality_trend": "stabil",
    "average_rating": 4.7,
    "review_count": 3100,
    "sources": [
      "Tripadvisor"
    ],
    "photos": []
  },
  {
    "id": "place_ZON_003",
    "name": "Filyos Kalesi",
    "category": [
      "Tarihi",
      "Kale"
    ],
    "coordinates": {
      "lat": 41.569,
      "lng": 32.017
    },
    "city": "Zonguldak",
    "district": "Çaycuma",
    "average_stay_minutes": 60,
    "average_spend": {
      "amount": 10,
      "currency": "TRY"
    },
    "best_visit_times": {
      "season": [
        "İlkbahar",
        "Yaz",
        "Sonbahar"
      ],
      "days": [
        "Hafta sonu"
      ],
      "hours": [
        "09:00-18:00"
      ]
    },
    "tags": [
      "filyos kalesi",
      "tarihî kale",
      "panoramik manzara"
    ],
    "popularity_score": 88,
    "virality_trend": "stabil",
    "average_rating": 4.5,
    "review_count": 1500,
    "sources": [
      "Tripadvisor"
    ],
    "photos": []
  },
  {
    "id": "place_ZON_004",
    "name": "Ereğli Müzesi",
    "category": [
      "Müze",
      "Tarih"
    ],
    "coordinates": {
      "lat": 41.2833,
      "lng": 31.4167
    },
    "city": "Zonguldak",
    "district": "Ereğli",
    "average_stay_minutes": 60,
    "average_spend": {
      "amount": 20,
      "currency": "TRY"
    },
    "best_visit_times": {
      "season": [
        "Tüm yıl"
      ],
      "days": [
        "Salı",
        "Perşembe"
      ],
      "hours": [
        "10:00-17:00"
      ]
    },
    "tags": [
      "ereğli müzesi",
      "arkeoloji",
      "etnografya"
    ],
    "popularity_score": 85,
    "virality_trend": "stabil",
    "average_rating": 4.4,
    "review_count": 1200,
    "sources": [
      "Tripadvisor"
    ],
    "photos": []
  },
  {
    "id": "place_ZON_005",
    "name": "Kozlu Sahili",
    "category": [
      "Doğal",
      "Sahil"
    ],
    "coordinates": {
      "lat": 41.4333,
      "lng": 31.7667
    },
    "city": "Zonguldak",
    "district": "Kozlu",
    "average_stay_minutes": 120,
    "average_spend": {
      "amount": 50,
      "currency": "TRY"
    },
    "best_visit_times": {
      "season": [
        "Yaz",
        "İlkbahar"
      ],
      "days": [
        "Cumartesi",
        "Pazar"
      ],
      "hours": [
        "09:00-20:00"
      ]
    },
    "tags": [
      "kozlu sahili",
      "deniz",
      "plaj"
    ],
    "popularity_score": 87,
    "virality_trend": "yükselişte",
    "average_rating": 4.5,
    "review_count": 1400,
    "sources": [
      "Tripadvisor"
    ],
    "photos": []
  },
  {
    "id": "place_ZON_006",
    "name": "Kapuz Plajı",
    "category": [
      "Doğal",
      "Plaj"
    ],
    "coordinates": {
      "lat": 41.451,
      "lng": 31.785
    },
    "city": "Zonguldak",
    "district": "Merkez",
    "average_stay_minutes": 180,
    "average_spend": {
      "amount": 60,
      "currency": "TRY"
    },
    "best_visit_times": {
      "season": [
        "Yaz"
      ],
      "days": [
        "Cumartesi",
        "Pazar"
      ],
      "hours": [
        "09:00-20:00"
      ]
    },
    "tags": [
      "kapuz plajı",
      "yüzme",
      "doğa turizmi"
    ],
    "popularity_score": 89,
    "virality_trend": "yükselişte",
    "average_rating": 4.6,
    "review_count": 2000,
    "sources": [
      "Tripadvisor"
    ],
    "photos": []
  },
  {
    "id": "place_ZON_007",
    "name": "Zonguldak Maden Müzesi",
    "category": [
      "Müze",
      "Endüstri"
    ],
    "coordinates": {
      "lat": 41.4515,
      "lng": 31.7939
    },
    "city": "Zonguldak",
    "district": "Merkez",
    "average_stay_minutes": 90,
    "average_spend": {
      "amount": 25,
      "currency": "TRY"
    },
    "best_visit_times": {
      "season": [
        "Tüm yıl"
      ],
      "days": [
        "Salı",
        "Perşembe"
      ],
      "hours": [
        "10:00-17:00"
      ]
    },
    "tags": [
      "maden müzesi",
      "kömür madenciliği",
      "endüstri tarihi"
    ],
    "popularity_score": 90,
    "virality_trend": "stabil",
    "average_rating": 4.7,
    "review_count": 2200,
    "sources": [
      "Tripadvisor"
    ],
    "photos": []
  },
  {
    "id": "place_ZON_008",
    "name": "Devrek Bastoncular Çarşısı",
    "category": [
      "Kültürel",
      "Çarşı"
    ],
    "coordinates": {
      "lat": 41.22,
      "lng": 31.95
    },
    "city": "Zonguldak",
    "district": "Devrek",
    "average_stay_minutes": 60,
    "average_spend": {
      "amount": 150,
      "currency": "TRY"
    },
    "best_visit_times": {
      "season": [
        "Tüm yıl"
      ],
      "days": [
        "Cumartesi",
        "Pazar"
      ],
      "hours": [
        "09:00-19:00"
      ]
    },
    "tags": [
      "devrek bastonu",
      "el sanatları",
      "hediyelik eşya"
    ],
    "popularity_score": 86,
    "virality_trend": "stabil",
    "average_rating": 4.5,
    "review_count": 1000,
    "sources": [
      "Tripadvisor"
    ],
    "photos": []
  }
]